"YEAR","TRIP_ID","SET_ID","BECKET","TRAP","total_count"
2022,86530,1,1,1,15
2022,86530,1,2,2,9
2022,86530,1,3,3,
2022,86530,1,4,4,2
2022,86530,1,5,5,1
2022,86530,1,6,6,27
2022,86530,1,7,7,5
2022,86530,1,8,8,12
2022,86530,1,9,9,6
2022,86530,1,10,10,22
2022,86530,1,11,11,14
2022,86530,1,12,12,7
2022,86530,1,13,13,18
2022,86530,1,14,14,27
2022,86530,1,15,15,3
2022,86530,1,16,16,11
2022,86530,1,17,17,28
2022,86530,1,18,18,1
2022,86530,1,19,19,8
2022,86530,1,20,20,17
2022,86530,1,21,21,
2022,86530,1,22,22,23
2022,86530,1,23,23,15
2022,86530,1,24,24,13
2022,86530,1,25,25,6
2022,86530,2,1,1,6
2022,86530,2,2,2,17
2022,86530,2,3,3,16
2022,86530,2,4,4,28
2022,86530,2,5,5,9
2022,86530,2,6,6,12
2022,86530,2,7,7,1
2022,86530,2,8,8,20
2022,86530,2,9,9,10
2022,86530,2,10,10,3
2022,86530,2,11,11,3
2022,86530,2,12,12,20
2022,86530,2,13,13,13
2022,86530,2,14,14,38
2022,86530,2,15,15,13
2022,86530,2,16,16,23
2022,86530,2,17,17,6
2022,86530,2,18,18,20
2022,86530,2,19,19,15
2022,86530,2,20,20,13
2022,86530,2,21,21,27
2022,86530,2,22,22,31
2022,86530,2,23,23,37
2022,86530,2,24,24,33
2022,86530,2,25,25,20
2022,86530,3,1,1,5
2022,86530,3,2,2,
2022,86530,3,3,3,10
2022,86530,3,4,4,23
2022,86530,3,5,5,
2022,86530,3,6,6,13
2022,86530,3,7,7,
2022,86530,3,8,8,2
2022,86530,3,9,9,15
2022,86530,3,10,10,
2022,86530,3,11,11,15
2022,86530,3,12,12,8
2022,86530,3,13,13,4
2022,86530,3,14,14,4
2022,86530,3,15,15,6
2022,86530,3,16,16,7
2022,86530,3,17,17,6
2022,86530,3,18,18,
2022,86530,3,19,19,
2022,86530,3,20,20,23
2022,86530,3,21,21,7
2022,86530,3,22,22,9
2022,86530,3,23,23,2
2022,86530,3,24,24,3
2022,86530,3,25,25,14
2022,86530,4,1,1,26
2022,86530,4,2,2,34
2022,86530,4,3,3,22
2022,86530,4,4,4,7
2022,86530,4,5,5,15
2022,86530,4,6,6,19
2022,86530,4,7,7,25
2022,86530,4,8,8,23
2022,86530,4,9,9,39
2022,86530,4,10,10,24
2022,86530,4,11,11,19
2022,86530,4,12,12,15
2022,86530,4,13,13,20
2022,86530,4,14,14,19
2022,86530,4,15,15,29
2022,86530,4,16,16,23
2022,86530,4,17,17,7
2022,86530,4,18,18,18
2022,86530,4,19,19,20
2022,86530,4,20,20,9
2022,86530,4,21,21,20
2022,86530,4,22,22,33
2022,86530,4,23,23,19
2022,86530,4,24,24,19
2022,86530,4,25,25,39
2022,86530,5,1,1,
2022,86530,5,2,2,
2022,86530,5,3,3,
2022,86530,5,4,4,
2022,86530,5,5,5,
2022,86530,5,6,6,
2022,86530,5,7,7,
2022,86530,5,8,8,
2022,86530,5,9,9,
2022,86530,5,10,10,
2022,86530,5,11,11,
2022,86530,5,12,12,
2022,86530,5,13,13,
2022,86530,5,14,14,
2022,86530,5,15,15,
2022,86530,5,16,16,
2022,86530,5,17,17,
2022,86530,5,18,18,
2022,86530,5,19,19,
2022,86530,5,20,20,
2022,86530,5,21,21,
2022,86530,5,22,22,
2022,86530,5,23,23,
2022,86530,5,24,24,
2022,86530,5,25,25,
2022,86530,5,26,26,
2022,86530,5,27,27,
2022,86530,5,28,28,
2022,86530,5,29,29,
2022,86530,5,30,30,
2022,86530,5,31,31,
2022,86530,5,32,32,
2022,86530,5,33,33,
2022,86530,5,34,34,
2022,86530,5,35,35,
2022,86530,5,36,36,
2022,86530,5,37,37,
2022,86530,5,38,38,
2022,86530,5,39,39,
2022,86530,5,40,40,
2022,86530,5,41,41,
2022,86530,5,42,42,
2022,86530,5,43,43,
2022,86530,5,44,44,
2022,86530,5,45,45,
2022,86530,5,46,46,
2022,86530,5,47,47,
2022,86530,5,48,48,
2022,86530,5,49,49,
2022,86530,5,50,50,
2022,86530,5,51,51,
2022,86530,5,52,52,
2022,86530,5,53,53,
2022,86530,5,54,54,
2022,86530,5,55,55,
2022,86530,5,56,56,
2022,86530,5,57,57,
2022,86530,5,58,58,
2022,86530,6,1,1,25
2022,86530,6,2,2,16
2022,86530,6,3,3,12
2022,86530,6,4,4,19
2022,86530,6,5,5,25
2022,86530,6,6,6,12
2022,86530,6,7,7,14
2022,86530,6,8,8,29
2022,86530,6,9,9,21
2022,86530,6,10,10,17
2022,86530,6,11,11,17
2022,86530,6,12,12,33
2022,86530,6,13,13,6
2022,86530,6,14,14,
2022,86530,6,15,15,9
2022,86530,6,16,16,8
2022,86530,6,17,17,19
2022,86530,6,18,18,17
2022,86530,6,19,19,12
2022,86530,6,20,20,17
2022,86530,6,21,21,16
2022,86530,6,22,22,16
2022,86530,6,23,23,6
2022,86530,6,24,24,12
2022,86530,6,25,25,24
2022,86530,6,26,26,26
2022,86530,7,1,1,15
2022,86530,7,2,2,8
2022,86530,7,3,3,10
2022,86530,7,4,4,6
2022,86530,7,5,5,14
2022,86530,7,6,6,20
2022,86530,7,7,7,18
2022,86530,7,8,8,29
2022,86530,7,9,9,22
2022,86530,7,10,10,2
2022,86530,7,11,11,13
2022,86530,7,12,12,22
2022,86530,7,13,13,28
2022,86530,7,14,14,22
2022,86530,7,15,15,24
2022,86530,7,16,16,23
2022,86530,7,17,17,19
2022,86530,7,18,18,26
2022,86530,7,19,19,29
2022,86530,7,20,20,28
2022,86530,7,21,21,29
2022,86530,7,22,22,14
2022,86530,7,23,23,25
2022,86530,7,24,24,43
2022,86530,7,25,25,31
2022,86530,8,1,1,46
2022,86530,8,2,2,60
2022,86530,8,3,3,37
2022,86530,8,4,4,9
2022,86530,8,5,5,43
2022,86530,8,6,6,42
2022,86530,8,7,7,36
2022,86530,8,8,8,32
2022,86530,8,9,9,58
2022,86530,8,10,10,36
2022,86530,8,11,11,32
2022,86530,8,12,12,25
2022,86530,8,13,13,40
2022,86530,8,14,14,27
2022,86530,8,15,15,34
2022,86530,8,16,16,36
2022,86530,8,17,17,41
2022,86530,8,18,18,21
2022,86530,8,19,19,31
2022,86530,8,20,20,12
2022,86530,8,21,21,15
2022,86530,8,22,22,28
2022,86530,8,23,23,28
2022,86530,8,24,24,22
2022,86530,8,25,25,27
2022,86530,9,1,1,28
2022,86530,9,2,2,14
2022,86530,9,3,3,22
2022,86530,9,4,4,18
2022,86530,9,5,5,14
2022,86530,9,6,6,10
2022,86530,9,7,7,10
2022,86530,9,8,8,20
2022,86530,9,9,9,29
2022,86530,9,10,10,18
2022,86530,9,11,11,9
2022,86530,9,12,12,24
2022,86530,9,13,13,45
2022,86530,9,14,14,23
2022,86530,9,15,15,8
2022,86530,9,16,16,38
2022,86530,9,17,17,15
2022,86530,9,18,18,17
2022,86530,9,19,19,22
2022,86530,9,20,20,7
2022,86530,9,21,21,11
2022,86530,9,22,22,27
2022,86530,9,23,23,21
2022,86530,9,24,24,17
2022,86530,9,25,25,36
2022,86530,10,1,1,59
2022,86530,10,2,2,43
2022,86530,10,3,3,45
2022,86530,10,4,4,20
2022,86530,10,5,5,29
2022,86530,10,6,6,40
2022,86530,10,7,7,17
2022,86530,10,8,8,19
2022,86530,10,9,9,22
2022,86530,10,10,10,44
2022,86530,10,11,11,17
2022,86530,10,12,12,38
2022,86530,10,13,13,17
2022,86530,10,14,14,37
2022,86530,10,15,15,30
2022,86530,10,16,16,24
2022,86530,10,17,17,10
2022,86530,10,18,18,34
2022,86530,10,19,19,29
2022,86530,10,20,20,44
2022,86530,10,21,21,17
2022,86530,10,22,22,23
2022,86530,10,23,23,21
2022,86530,10,24,24,38
2022,86530,10,25,25,24
2022,86530,11,1,1,
2022,86530,11,2,2,
2022,86530,11,3,3,
2022,86530,11,4,4,
2022,86530,11,5,5,
2022,86530,11,6,6,
2022,86530,11,7,7,
2022,86530,11,8,8,
2022,86530,11,9,9,
2022,86530,11,10,10,
2022,86530,11,11,11,
2022,86530,11,12,12,
2022,86530,11,13,13,
2022,86530,11,14,14,
2022,86530,11,15,15,
2022,86530,11,16,16,
2022,86530,11,17,17,
2022,86530,11,18,18,
2022,86530,11,19,19,
2022,86530,11,20,20,
2022,86530,11,21,21,
2022,86530,11,22,22,
2022,86530,11,23,23,
2022,86530,11,24,24,
2022,86530,11,25,25,
2022,86530,11,26,26,
2022,86530,11,27,27,
2022,86530,11,28,28,
2022,86530,11,29,29,
2022,86530,11,30,30,
2022,86530,11,31,31,
2022,86530,11,32,32,
2022,86530,11,33,33,
2022,86530,11,34,34,
2022,86530,11,35,35,
2022,86530,11,36,36,
2022,86530,11,37,37,
2022,86530,11,38,38,
2022,86530,11,39,39,
2022,86530,11,40,40,
2022,86530,11,41,41,
2022,86530,11,42,42,
2022,86530,11,43,43,
2022,86530,11,44,44,
2022,86530,11,45,45,
2022,86530,11,46,46,
2022,86530,11,47,47,
2022,86530,11,48,48,
2022,86530,11,49,49,
2022,86530,11,50,50,
2022,86530,11,51,51,
2022,86530,11,52,52,
2022,86530,11,53,53,
2022,86530,11,54,54,
2022,86530,11,55,55,
2022,86530,11,56,56,
2022,86530,11,57,57,
2022,86530,11,58,58,
2022,86530,12,1,1,77
2022,86530,12,2,2,50
2022,86530,12,3,3,33
2022,86530,12,4,4,68
2022,86530,12,5,5,71
2022,86530,12,6,6,58
2022,86530,12,7,7,79
2022,86530,12,8,8,71
2022,86530,12,9,9,37
2022,86530,12,10,10,64
2022,86530,12,11,11,57
2022,86530,12,12,12,33
2022,86530,12,13,13,59
2022,86530,12,14,14,
2022,86530,12,15,15,32
2022,86530,12,16,16,57
2022,86530,12,17,17,52
2022,86530,12,18,18,51
2022,86530,12,19,19,41
2022,86530,12,20,20,17
2022,86530,12,21,21,51
2022,86530,12,22,22,11
2022,86530,12,23,23,36
2022,86530,12,24,24,15
2022,86530,12,25,25,25
2022,86530,12,26,26,9
2022,86530,13,1,1,98
2022,86530,13,2,2,68
2022,86530,13,3,3,63
2022,86530,13,4,4,33
2022,86530,13,5,5,68
2022,86530,13,6,6,62
2022,86530,13,7,7,57
2022,86530,13,8,8,27
2022,86530,13,9,9,26
2022,86530,13,10,10,57
2022,86530,13,11,11,60
2022,86530,13,12,12,83
2022,86530,13,13,13,90
2022,86530,13,14,14,86
2022,86530,13,15,15,53
2022,86530,13,16,16,87
2022,86530,13,17,17,83
2022,86530,13,18,18,42
2022,86530,13,19,19,38
2022,86530,13,20,20,32
2022,86530,13,21,21,29
2022,86530,13,22,22,32
2022,86530,13,23,23,33
2022,86530,13,24,24,72
2022,86530,13,25,25,11
2022,86530,14,1,1,82
2022,86530,14,2,2,67
2022,86530,14,3,3,86
2022,86530,14,4,4,82
2022,86530,14,5,5,59
2022,86530,14,6,6,69
2022,86530,14,7,7,95
2022,86530,14,8,8,42
2022,86530,14,9,9,67
2022,86530,14,10,10,15
2022,86530,14,11,11,69
2022,86530,14,12,12,34
2022,86530,14,13,13,72
2022,86530,14,14,14,69
2022,86530,14,15,15,69
2022,86530,14,16,16,61
2022,86530,14,17,17,74
2022,86530,14,18,18,36
2022,86530,14,19,19,12
2022,86530,14,20,20,11
2022,86530,14,21,21,12
2022,86530,14,22,22,42
2022,86530,14,23,23,1
2022,86530,14,24,24,90
2022,86530,14,25,25,68
2022,86530,15,1,1,87
2022,86530,15,2,2,84
2022,86530,15,3,3,42
2022,86530,15,4,4,65
2022,86530,15,5,5,104
2022,86530,15,6,6,88
2022,86530,15,7,7,76
2022,86530,15,8,8,102
2022,86530,15,9,9,82
2022,86530,15,10,10,89
2022,86530,15,11,11,88
2022,86530,15,12,12,99
2022,86530,15,13,13,86
2022,86530,15,14,14,86
2022,86530,15,15,15,66
2022,86530,15,16,16,68
2022,86530,15,17,17,82
2022,86530,15,18,18,93
2022,86530,15,19,19,101
2022,86530,15,20,20,114
2022,86530,15,21,21,44
2022,86530,15,22,22,20
2022,86530,15,23,23,71
2022,86530,15,24,24,73
2022,86530,15,25,25,47
2022,86530,16,1,1,8
2022,86530,16,2,2,6
2022,86530,16,3,3,12
2022,86530,16,4,4,5
2022,86530,16,5,5,15
2022,86530,16,6,6,5
2022,86530,16,7,7,6
2022,86530,16,8,8,5
2022,86530,16,9,9,11
2022,86530,16,10,10,4
2022,86530,16,11,11,6
2022,86530,16,12,12,3
2022,86530,16,13,13,3
2022,86530,16,14,14,
2022,86530,16,15,15,
2022,86530,16,16,16,1
2022,86530,16,17,17,3
2022,86530,16,18,18,4
2022,86530,16,19,19,
2022,86530,16,20,20,13
2022,86530,16,21,21,2
2022,86530,16,22,22,9
2022,86530,16,23,23,3
2022,86530,16,24,24,10
2022,86530,16,25,25,2
2022,86530,17,1,1,1
2022,86530,17,2,2,25
2022,86530,17,3,3,25
2022,86530,17,4,4,84
2022,86530,17,5,5,40
2022,86530,17,6,6,43
2022,86530,17,7,7,41
2022,86530,17,8,8,29
2022,86530,17,9,9,33
2022,86530,17,10,10,29
2022,86530,17,11,11,20
2022,86530,17,12,12,27
2022,86530,17,13,13,18
2022,86530,17,14,14,48
2022,86530,17,15,15,43
2022,86530,17,16,16,31
2022,86530,17,17,17,39
2022,86530,17,18,18,10
2022,86530,17,19,19,53
2022,86530,17,20,20,29
2022,86530,17,21,21,31
2022,86530,17,22,22,16
2022,86530,17,23,23,25
2022,86530,17,24,24,18
2022,86530,17,25,25,31
2022,86530,18,1,1,
2022,86530,18,2,2,
2022,86530,18,3,3,
2022,86530,18,4,4,
2022,86530,18,5,5,
2022,86530,18,6,6,
2022,86530,18,7,7,
2022,86530,18,8,8,
2022,86530,18,9,9,
2022,86530,18,10,10,
2022,86530,18,11,11,
2022,86530,18,12,12,
2022,86530,18,13,13,
2022,86530,18,14,14,
2022,86530,18,15,15,
2022,86530,18,16,16,
2022,86530,18,17,17,
2022,86530,18,18,18,
2022,86530,18,19,19,
2022,86530,18,20,20,
2022,86530,18,21,21,
2022,86530,18,22,22,
2022,86530,18,23,23,
2022,86530,18,24,24,
2022,86530,18,25,25,
2022,86530,18,26,26,
2022,86530,18,27,27,
2022,86530,18,28,28,
2022,86530,18,29,29,
2022,86530,18,30,30,
2022,86530,18,31,31,
2022,86530,18,32,32,
2022,86530,18,33,33,
2022,86530,18,34,34,
2022,86530,18,35,35,
2022,86530,18,36,36,
2022,86530,18,37,37,
2022,86530,18,38,38,
2022,86530,18,39,39,
2022,86530,18,40,40,
2022,86530,18,41,41,
2022,86530,18,42,42,
2022,86530,18,43,43,
2022,86530,18,44,44,
2022,86530,18,45,45,
2022,86530,18,46,46,
2022,86530,18,47,47,
2022,86530,18,48,48,
2022,86530,18,49,49,
2022,86530,18,50,50,
2022,86530,18,51,51,
2022,86530,18,52,52,
2022,86530,18,53,53,
2022,86530,18,54,54,
2022,86530,18,55,55,
2022,86530,18,56,56,
2022,86530,18,57,67,
2022,86530,18,58,58,
2022,86530,19,1,1,42
2022,86530,19,2,2,18
2022,86530,19,3,3,8
2022,86530,19,4,4,3
2022,86530,19,5,5,6
2022,86530,19,6,6,22
2022,86530,19,7,7,38
2022,86530,19,8,8,22
2022,86530,19,9,9,20
2022,86530,19,10,10,24
2022,86530,19,11,11,17
2022,86530,19,12,12,19
2022,86530,19,13,13,23
2022,86530,19,14,14,
2022,86530,19,15,15,5
2022,86530,19,16,16,19
2022,86530,19,17,17,12
2022,86530,19,18,18,16
2022,86530,19,19,19,11
2022,86530,19,20,20,12
2022,86530,19,21,21,26
2022,86530,19,22,22,23
2022,86530,19,23,23,14
2022,86530,19,24,24,18
2022,86530,19,25,25,35
2022,86530,19,26,26,18
2022,86530,20,1,1,24
2022,86530,20,2,2,28
2022,86530,20,3,3,19
2022,86530,20,4,4,11
2022,86530,20,5,5,9
2022,86530,20,6,6,7
2022,86530,20,7,7,5
2022,86530,20,8,8,13
2022,86530,20,9,9,9
2022,86530,20,10,10,14
2022,86530,20,11,11,23
2022,86530,20,12,12,15
2022,86530,20,13,13,22
2022,86530,20,14,14,24
2022,86530,20,15,15,6
2022,86530,20,16,16,9
2022,86530,20,17,17,25
2022,86530,20,18,18,17
2022,86530,20,19,19,16
2022,86530,20,20,20,17
2022,86530,20,21,21,14
2022,86530,20,22,22,5
2022,86530,20,23,23,3
2022,86530,20,24,24,25
2022,86530,20,25,25,2
2022,86530,21,1,1,
2022,86530,21,2,2,
2022,86530,21,3,3,
2022,86530,21,4,4,
2022,86530,21,5,5,
2022,86530,21,6,6,
2022,86530,21,7,7,
2022,86530,21,8,8,
2022,86530,21,9,9,
2022,86530,21,10,10,
2022,86530,21,11,11,
2022,86530,21,12,12,
2022,86530,21,13,13,
2022,86530,21,14,14,
2022,86530,21,15,15,
2022,86530,21,16,16,
2022,86530,21,17,17,
2022,86530,21,18,18,
2022,86530,21,19,19,
2022,86530,21,20,20,
2022,86530,21,21,21,
2022,86530,21,22,22,
2022,86530,21,23,23,
2022,86530,21,24,24,
2022,86530,21,25,25,
2022,86530,21,26,26,
2022,86530,21,27,27,
2022,86530,21,28,28,
2022,86530,21,29,29,
2022,86530,21,30,30,
2022,86530,21,31,31,
2022,86530,21,32,32,
2022,86530,21,33,33,
2022,86530,21,34,34,
2022,86530,21,35,35,
2022,86530,21,36,36,
2022,86530,21,37,37,
2022,86530,21,38,38,
2022,86530,21,39,39,
2022,86530,21,40,40,
2022,86530,21,41,41,
2022,86530,21,42,42,
2022,86530,21,43,43,
2022,86530,21,44,44,
2022,86530,21,45,45,
2022,86530,21,46,46,
2022,86530,21,47,47,
2022,86530,21,48,48,
2022,86530,21,49,49,
2022,86530,21,50,50,
2022,86530,21,51,51,
2022,86530,21,52,52,
2022,86530,21,53,53,
2022,86530,21,54,54,
2022,86530,21,55,55,
2022,86530,21,56,56,
2022,86530,21,57,57,
2022,86530,21,58,58,
2022,86530,22,1,1,29
2022,86530,22,2,2,28
2022,86530,22,3,3,36
2022,86530,22,4,4,52
2022,86530,22,5,5,25
2022,86530,22,6,6,21
2022,86530,22,7,7,34
2022,86530,22,8,8,33
2022,86530,22,9,9,46
2022,86530,22,10,10,42
2022,86530,22,11,11,54
2022,86530,22,12,12,32
2022,86530,22,13,13,22
2022,86530,22,14,14,17
2022,86530,22,15,15,8
2022,86530,22,16,16,33
2022,86530,22,17,17,35
2022,86530,22,18,18,29
2022,86530,22,19,19,43
2022,86530,22,20,20,33
2022,86530,22,21,21,30
2022,86530,22,22,22,28
2022,86530,22,23,23,43
2022,86530,22,24,24,30
2022,86530,22,25,25,45
2022,86530,23,1,1,32
2022,86530,23,2,2,32
2022,86530,23,3,3,
2022,86530,23,4,4,31
2022,86530,23,5,5,70
2022,86530,23,6,6,45
2022,86530,23,7,7,36
2022,86530,23,8,8,49
2022,86530,23,9,9,44
2022,86530,23,10,10,
2022,86530,23,11,11,4
2022,86530,23,12,12,41
2022,86530,23,13,13,
2022,86530,23,14,14,
2022,86530,23,15,15,
2022,86530,23,16,16,
2022,86530,23,17,17,42
2022,86530,23,18,18,57
2022,86530,23,19,19,16
2022,86530,23,20,20,36
2022,86530,23,21,21,22
2022,86530,23,22,22,31
2022,86530,23,23,23,37
2022,86530,23,24,24,29
2022,86530,23,25,25,33
2022,86530,23,26,26,
2022,86530,24,1,1,9
2022,86530,24,2,2,7
2022,86530,24,3,3,9
2022,86530,24,4,4,7
2022,86530,24,5,5,7
2022,86530,24,6,6,18
2022,86530,24,7,7,15
2022,86530,24,8,8,23
2022,86530,24,9,9,14
2022,86530,24,10,10,7
2022,86530,24,11,11,6
2022,86530,24,12,12,6
2022,86530,24,13,13,4
2022,86530,24,14,14,5
2022,86530,24,15,15,2
2022,86530,24,16,16,5
2022,86530,24,17,17,3
2022,86530,24,18,18,1
2022,86530,24,19,19,1
2022,86530,24,20,20,11
2022,86530,24,21,21,5
2022,86530,24,22,22,6
2022,86530,24,23,23,3
2022,86530,24,24,24,17
2022,86530,24,25,25,23
2022,86530,25,1,1,27
2022,86530,25,2,2,21
2022,86530,25,3,3,39
2022,86530,25,4,4,18
2022,86530,25,5,5,26
2022,86530,25,6,6,25
2022,86530,25,7,7,23
2022,86530,25,8,8,15
2022,86530,25,9,9,30
2022,86530,25,10,10,24
2022,86530,25,11,11,12
2022,86530,25,12,12,29
2022,86530,25,13,13,23
2022,86530,25,14,14,26
2022,86530,25,15,15,9
2022,86530,25,16,16,10
2022,86530,25,17,17,21
2022,86530,25,18,18,19
2022,86530,25,19,19,19
2022,86530,25,20,20,23
2022,86530,25,21,21,20
2022,86530,25,22,22,21
2022,86530,25,23,23,35
2022,86530,25,24,24,6
2022,86530,25,25,25,14
2022,86530,26,1,1,28
2022,86530,26,2,2,25
2022,86530,26,3,3,21
2022,86530,26,4,4,5
2022,86530,26,5,5,16
2022,86530,26,6,6,30
2022,86530,26,7,7,22
2022,86530,26,8,8,14
2022,86530,26,9,9,25
2022,86530,26,10,10,10
2022,86530,26,11,11,19
2022,86530,26,12,12,25
2022,86530,26,13,13,33
2022,86530,26,14,14,15
2022,86530,26,15,15,17
2022,86530,26,16,16,30
2022,86530,26,17,17,28
2022,86530,26,18,18,23
2022,86530,26,19,19,19
2022,86530,26,20,20,11
2022,86530,26,21,21,36
2022,86530,26,22,22,20
2022,86530,26,23,23,31
2022,86530,26,24,24,17
2022,86530,26,25,25,16
2022,86530,27,1,1,69
2022,86530,27,2,2,37
2022,86530,27,3,3,47
2022,86530,27,4,4,47
2022,86530,27,5,5,37
2022,86530,27,6,6,47
2022,86530,27,7,7,39
2022,86530,27,8,8,43
2022,86530,27,9,9,53
2022,86530,27,10,10,40
2022,86530,27,11,11,25
2022,86530,27,12,12,31
2022,86530,27,13,13,30
2022,86530,27,14,14,55
2022,86530,27,15,15,24
2022,86530,27,16,16,36
2022,86530,27,17,17,33
2022,86530,27,18,18,35
2022,86530,27,19,19,34
2022,86530,27,20,20,43
2022,86530,27,21,21,43
2022,86530,27,22,22,45
2022,86530,27,23,23,40
2022,86530,27,24,24,53
2022,86530,27,25,25,38
2022,86530,28,1,1,35
2022,86530,28,2,2,45
2022,86530,28,3,3,47
2022,86530,28,4,4,33
2022,86530,28,5,5,20
2022,86530,28,6,6,32
2022,86530,28,7,7,27
2022,86530,28,8,8,25
2022,86530,28,9,9,21
2022,86530,28,10,10,29
2022,86530,28,11,11,17
2022,86530,28,12,12,35
2022,86530,28,13,13,19
2022,86530,28,14,14,13
2022,86530,28,15,15,19
2022,86530,28,16,16,18
2022,86530,28,17,17,15
2022,86530,28,18,18,8
2022,86530,28,19,19,15
2022,86530,28,20,20,32
2022,86530,28,21,21,23
2022,86530,28,22,22,42
2022,86530,28,23,23,35
2022,86530,28,24,24,45
2022,86530,28,25,25,13
2022,86530,29,1,1,26
2022,86530,29,2,2,38
2022,86530,29,3,3,28
2022,86530,29,4,4,23
2022,86530,29,5,5,31
2022,86530,29,6,6,26
2022,86530,29,7,7,36
2022,86530,29,8,8,31
2022,86530,29,9,9,10
2022,86530,29,10,10,27
2022,86530,29,11,11,30
2022,86530,29,12,12,36
2022,86530,29,13,13,35
2022,86530,29,14,14,20
2022,86530,29,15,15,31
2022,86530,29,16,16,44
2022,86530,29,17,17,24
2022,86530,29,18,18,36
2022,86530,29,19,19,41
2022,86530,29,20,20,31
2022,86530,29,21,21,17
2022,86530,29,22,22,21
2022,86530,29,23,23,11
2022,86530,29,24,24,42
2022,86530,29,25,25,24
2022,86530,30,1,1,
2022,86530,30,2,2,
2022,86530,30,3,3,
2022,86530,30,4,4,
2022,86530,30,5,5,
2022,86530,30,6,6,
2022,86530,30,7,7,
2022,86530,30,8,8,
2022,86530,30,9,9,
2022,86530,30,10,10,
2022,86530,30,11,11,
2022,86530,30,12,12,
2022,86530,30,13,13,
2022,86530,30,14,14,
2022,86530,30,15,15,
2022,86530,30,16,16,
2022,86530,30,17,17,
2022,86530,30,18,18,
2022,86530,30,19,19,
2022,86530,30,20,20,
2022,86530,30,21,21,
2022,86530,30,22,22,
2022,86530,30,23,23,
2022,86530,30,24,24,
2022,86530,30,25,25,
2022,86530,30,26,26,
2022,86530,30,27,27,
2022,86530,30,28,28,
2022,86530,30,29,29,
2022,86530,30,30,30,
2022,86530,30,31,31,
2022,86530,30,32,32,
2022,86530,30,33,33,
2022,86530,30,34,34,
2022,86530,30,35,35,
2022,86530,30,36,36,
2022,86530,30,37,37,
2022,86530,30,38,38,
2022,86530,30,39,39,
2022,86530,30,40,40,
2022,86530,30,41,41,
2022,86530,30,42,42,
2022,86530,30,43,43,
2022,86530,30,44,44,
2022,86530,30,45,45,
2022,86530,30,46,46,
2022,86530,30,47,47,
2022,86530,30,48,48,
2022,86530,30,49,49,
2022,86530,30,50,50,
2022,86530,30,51,51,
2022,86530,30,52,52,
2022,86530,30,53,53,
2022,86530,30,54,54,
2022,86530,30,55,55,
2022,86530,30,56,56,
2022,86530,30,57,57,
2022,86530,30,58,58,
2022,86530,31,1,1,26
2022,86530,31,2,2,13
2022,86530,31,3,3,17
2022,86530,31,4,4,22
2022,86530,31,5,5,10
2022,86530,31,6,6,15
2022,86530,31,7,7,22
2022,86530,31,8,8,18
2022,86530,31,9,9,25
2022,86530,31,10,10,17
2022,86530,31,11,11,14
2022,86530,31,12,12,12
2022,86530,31,13,13,22
2022,86530,31,14,14,
2022,86530,31,15,15,16
2022,86530,31,16,16,15
2022,86530,31,17,17,20
2022,86530,31,18,18,14
2022,86530,31,19,19,23
2022,86530,31,20,20,17
2022,86530,31,21,21,25
2022,86530,31,22,22,27
2022,86530,31,23,23,23
2022,86530,31,24,24,31
2022,86530,31,25,25,42
2022,86530,31,26,26,23
2022,86530,32,1,1,11
2022,86530,32,2,2,15
2022,86530,32,3,3,41
2022,86530,32,4,4,30
2022,86530,32,5,5,21
2022,86530,32,6,6,30
2022,86530,32,7,7,25
2022,86530,32,8,8,24
2022,86530,32,9,9,27
2022,86530,32,10,10,17
2022,86530,32,11,11,20
2022,86530,32,12,12,27
2022,86530,32,13,13,29
2022,86530,32,14,14,9
2022,86530,32,15,15,21
2022,86530,32,16,16,26
2022,86530,32,17,17,30
2022,86530,32,18,18,32
2022,86530,32,19,19,34
2022,86530,32,20,20,19
2022,86530,32,21,21,28
2022,86530,32,22,22,17
2022,86530,32,23,23,31
2022,86530,32,24,24,42
2022,86530,32,25,25,59
2022,86530,33,1,1,5
2022,86530,33,2,2,49
2022,86530,33,3,3,50
2022,86530,33,4,4,25
2022,86530,33,5,5,23
2022,86530,33,6,6,29
2022,86530,33,7,7,31
2022,86530,33,8,8,25
2022,86530,33,9,9,35
2022,86530,33,10,10,17
2022,86530,33,11,11,13
2022,86530,33,12,12,10
2022,86530,33,13,13,18
2022,86530,33,14,14,13
2022,86530,33,15,15,14
2022,86530,33,16,16,12
2022,86530,33,17,17,14
2022,86530,33,18,18,19
2022,86530,33,19,19,28
2022,86530,33,20,20,13
2022,86530,33,21,21,24
2022,86530,33,22,22,9
2022,86530,33,23,23,17
2022,86530,33,24,24,19
2022,86530,33,25,25,
2022,86530,34,1,1,11
2022,86530,34,2,2,5
2022,86530,34,3,3,1
2022,86530,34,4,4,3
2022,86530,34,5,5,11
2022,86530,34,6,6,2
2022,86530,34,7,7,3
2022,86530,34,8,8,7
2022,86530,34,9,9,3
2022,86530,34,10,10,
2022,86530,34,11,11,
2022,86530,34,12,12,2
2022,86530,34,13,13,3
2022,86530,34,14,14,13
2022,86530,34,15,15,2
2022,86530,34,16,16,8
2022,86530,34,17,17,7
2022,86530,34,18,18,1
2022,86530,34,19,19,18
2022,86530,34,20,20,5
2022,86530,34,21,21,3
2022,86530,34,22,22,5
2022,86530,34,23,23,6
2022,86530,34,24,24,2
2022,86530,34,25,25,5
2022,86530,35,1,1,17
2022,86530,35,2,2,5
2022,86530,35,3,3,5
2022,86530,35,4,4,9
2022,86530,35,5,5,11
2022,86530,35,6,6,
2022,86530,35,7,7,2
2022,86530,35,8,8,3
2022,86530,35,9,9,11
2022,86530,35,10,10,5
2022,86530,35,11,11,7
2022,86530,35,12,12,11
2022,86530,35,13,13,8
2022,86530,35,14,14,6
2022,86530,35,15,15,1
2022,86530,35,16,16,17
2022,86530,35,17,17,9
2022,86530,35,18,18,5
2022,86530,35,19,19,13
2022,86530,35,20,20,10
2022,86530,35,21,21,1
2022,86530,35,22,22,1
2022,86530,35,23,23,13
2022,86530,35,24,24,13
2022,86530,35,25,25,23
2022,86530,36,1,1,12
2022,86530,36,2,2,22
2022,86530,36,3,3,25
2022,86530,36,4,4,1
2022,86530,36,5,5,12
2022,86530,36,6,6,7
2022,86530,36,7,7,27
2022,86530,36,8,8,
2022,86530,36,9,9,26
2022,86530,36,10,10,16
2022,86530,36,11,11,28
2022,86530,36,12,12,19
2022,86530,36,13,13,30
2022,86530,36,14,14,1
2022,86530,36,15,15,8
2022,86530,36,16,16,7
2022,86530,36,17,17,9
2022,86530,36,18,18,17
2022,86530,36,19,19,1
2022,86530,36,20,20,11
2022,86530,36,21,21,21
2022,86530,36,22,22,24
2022,86530,36,23,23,33
2022,86530,36,24,24,18
2022,86530,36,25,25,12
2022,86530,37,1,1,8
2022,86530,37,2,2,8
2022,86530,37,3,3,9
2022,86530,37,4,4,9
2022,86530,37,5,5,8
2022,86530,37,6,6,
2022,86530,37,7,7,8
2022,86530,37,8,8,11
2022,86530,37,9,9,5
2022,86530,37,10,10,6
2022,86530,37,11,11,10
2022,86530,37,12,12,3
2022,86530,37,13,13,1
2022,86530,37,14,14,
2022,86530,37,15,15,11
2022,86530,37,16,16,4
2022,86530,37,17,17,16
2022,86530,37,18,18,7
2022,86530,37,19,19,14
2022,86530,37,20,20,15
2022,86530,37,21,21,8
2022,86530,37,22,22,12
2022,86530,37,23,23,11
2022,86530,37,24,24,12
2022,86530,37,25,25,7
2022,86530,37,26,26,16
2022,86530,38,1,1,14
2022,86530,38,2,2,16
2022,86530,38,3,3,10
2022,86530,38,4,4,14
2022,86530,38,5,5,27
2022,86530,38,6,6,23
2022,86530,38,7,7,29
2022,86530,38,8,8,35
2022,86530,38,9,9,10
2022,86530,38,10,10,27
2022,86530,38,11,11,41
2022,86530,38,12,12,57
2022,86530,38,13,13,46
2022,86530,38,14,14,
2022,86530,38,15,15,55
2022,86530,38,16,16,33
2022,86530,38,17,17,40
2022,86530,38,18,18,32
2022,86530,38,19,19,37
2022,86530,38,20,20,23
2022,86530,38,21,21,38
2022,86530,38,22,22,31
2022,86530,38,23,23,31
2022,86530,38,24,24,33
2022,86530,38,25,25,35
2022,86530,38,26,26,29
2022,86530,39,1,1,1
2022,86530,39,2,2,
2022,86530,39,3,3,30
2022,86530,39,4,4,2
2022,86530,39,5,5,5
2022,86530,39,6,6,
2022,86530,39,7,7,
2022,86530,39,8,8,4
2022,86530,39,9,9,
2022,86530,39,10,10,
2022,86530,39,11,11,3
2022,86530,39,12,12,3
2022,86530,39,13,13,
2022,86530,39,14,14,
2022,86530,39,15,15,1
2022,86530,39,16,16,
2022,86530,39,17,17,1
2022,86530,39,18,18,6
2022,86530,39,19,19,
2022,86530,39,20,20,1
2022,86530,39,21,21,
2022,86530,39,22,22,
2022,86530,39,23,23,
2022,86530,39,24,24,
2022,86530,39,25,25,1
2022,86530,40,1,1,1
2022,86530,40,2,2,
2022,86530,40,3,3,
2022,86530,40,4,4,
2022,86530,40,5,5,1
2022,86530,40,6,6,
2022,86530,40,7,7,
2022,86530,40,8,8,1
2022,86530,40,9,9,1
2022,86530,40,10,10,2
2022,86530,40,11,11,
2022,86530,40,12,12,1
2022,86530,40,13,13,1
2022,86530,40,14,14,3
2022,86530,40,15,15,
2022,86530,40,16,16,5
2022,86530,40,17,17,
2022,86530,40,18,18,
2022,86530,40,19,19,
2022,86530,40,20,20,6
2022,86530,40,21,21,1
2022,86530,40,22,22,2
2022,86530,40,23,23,
2022,86530,40,24,24,
2022,86530,40,25,25,5
2022,86530,41,1,1,
2022,86530,41,2,2,
2022,86530,41,3,3,19
2022,86530,41,4,4,
2022,86530,41,5,5,
2022,86530,41,6,6,1
2022,86530,41,7,7,
2022,86530,41,8,8,36
2022,86530,41,9,9,
2022,86530,41,10,10,41
2022,86530,41,11,11,25
2022,86530,41,12,12,5
2022,86530,41,13,13,
2022,86530,41,14,14,1
2022,86530,41,15,15,
2022,86530,41,16,16,
2022,86530,41,17,17,
2022,86530,41,18,18,1
2022,86530,41,19,19,
2022,86530,41,20,20,
2022,86530,41,21,21,
2022,86530,41,22,22,3
2022,86530,41,23,23,
2022,86530,41,24,24,
2022,86530,41,25,25,
2022,86530,42,1,1,
2022,86530,42,2,2,1
2022,86530,42,3,3,
2022,86530,42,4,4,6
2022,86530,42,5,5,1
2022,86530,42,6,6,12
2022,86530,42,7,7,7
2022,86530,42,8,8,
2022,86530,42,9,9,1
2022,86530,42,10,10,10
2022,86530,42,11,11,1
2022,86530,42,12,12,
2022,86530,42,13,13,
2022,86530,42,14,14,8
2022,86530,42,15,15,11
2022,86530,42,16,16,2
2022,86530,42,17,17,
2022,86530,42,18,18,1
2022,86530,42,19,19,13
2022,86530,42,20,20,7
2022,86530,42,21,21,1
2022,86530,42,22,22,13
2022,86530,42,23,23,
2022,86530,42,24,24,
2022,86530,42,25,25,
2022,86530,43,1,1,
2022,86530,43,2,2,
2022,86530,43,3,3,4
2022,86530,43,4,4,6
2022,86530,43,5,5,8
2022,86530,43,6,6,12
2022,86530,43,7,7,13
2022,86530,43,8,8,17
2022,86530,43,9,9,10
2022,86530,43,10,10,4
2022,86530,43,11,11,3
2022,86530,43,12,12,22
2022,86530,43,13,13,9
2022,86530,43,14,14,
2022,86530,43,15,15,8
2022,86530,43,16,16,21
2022,86530,43,17,17,12
2022,86530,43,18,18,10
2022,86530,43,19,19,11
2022,86530,43,20,20,10
2022,86530,43,21,21,20
2022,86530,43,22,22,20
2022,86530,43,23,23,8
2022,86530,43,24,24,16
2022,86530,43,25,25,8
2022,86530,43,26,26,8
2022,86530,44,1,1,22
2022,86530,44,2,2,29
2022,86530,44,3,3,32
2022,86530,44,4,4,18
2022,86530,44,5,5,32
2022,86530,44,6,6,12
2022,86530,44,7,7,23
2022,86530,44,8,8,16
2022,86530,44,9,9,19
2022,86530,44,10,10,
2022,86530,44,11,11,13
2022,86530,44,12,12,30
2022,86530,44,13,13,14
2022,86530,44,14,14,12
2022,86530,44,15,15,23
2022,86530,44,16,16,10
2022,86530,44,17,17,13
2022,86530,44,18,18,27
2022,86530,44,19,19,25
2022,86530,44,20,20,23
2022,86530,44,21,21,9
2022,86530,44,22,22,33
2022,86530,44,23,23,32
2022,86530,44,24,24,34
2022,86530,44,25,25,15
2022,86530,44,26,26,1
2022,86530,45,1,1,29
2022,86530,45,2,2,31
2022,86530,45,3,3,1
2022,86530,45,4,4,11
2022,86530,45,5,5,25
2022,86530,45,6,6,14
2022,86530,45,7,7,10
2022,86530,45,8,8,18
2022,86530,45,9,9,
2022,86530,45,10,10,26
2022,86530,45,11,11,3
2022,86530,45,12,12,11
2022,86530,45,13,13,12
2022,86530,45,14,14,2
2022,86530,45,15,15,6
2022,86530,45,16,16,
2022,86530,45,17,17,2
2022,86530,45,18,18,3
2022,86530,45,19,19,17
2022,86530,45,20,20,20
2022,86530,45,21,21,3
2022,86530,45,22,22,9
2022,86530,45,23,23,10
2022,86530,45,24,24,12
2022,86530,45,25,25,23
2022,86530,46,1,1,9
2022,86530,46,2,2,7
2022,86530,46,3,3,4
2022,86530,46,4,4,18
2022,86530,46,5,5,8
2022,86530,46,6,6,20
2022,86530,46,7,7,18
2022,86530,46,8,8,10
2022,86530,46,9,9,10
2022,86530,46,10,10,17
2022,86530,46,11,11,
2022,86530,46,12,12,13
2022,86530,46,13,13,19
2022,86530,46,14,14,1
2022,86530,46,15,15,9
2022,86530,46,16,16,24
2022,86530,46,17,17,8
2022,86530,46,18,18,6
2022,86530,46,19,19,5
2022,86530,46,20,20,16
2022,86530,46,21,21,3
2022,86530,46,22,22,9
2022,86530,46,23,23,14
2022,86530,46,24,24,11
2022,86530,46,25,25,3
2022,86530,47,1,1,7
2022,86530,47,2,2,15
2022,86530,47,3,3,16
2022,86530,47,4,4,30
2022,86530,47,5,5,6
2022,86530,47,6,6,16
2022,86530,47,7,7,5
2022,86530,47,8,8,10
2022,86530,47,9,9,10
2022,86530,47,10,10,10
2022,86530,47,11,11,23
2022,86530,47,12,12,24
2022,86530,47,13,13,23
2022,86530,47,14,14,16
2022,86530,47,15,15,25
2022,86530,47,16,16,12
2022,86530,47,17,17,24
2022,86530,47,18,18,27
2022,86530,47,19,19,13
2022,86530,47,20,20,30
2022,86530,47,21,21,17
2022,86530,47,22,22,23
2022,86530,47,23,23,6
2022,86530,47,24,24,12
2022,86530,47,25,25,12
2022,86530,48,1,1,9
2022,86530,48,2,2,27
2022,86530,48,3,3,13
2022,86530,48,4,4,15
2022,86530,48,5,5,16
2022,86530,48,6,6,16
2022,86530,48,7,7,17
2022,86530,48,8,8,17
2022,86530,48,9,9,33
2022,86530,48,10,10,22
2022,86530,48,11,11,21
2022,86530,48,12,12,33
2022,86530,48,13,13,22
2022,86530,48,14,14,14
2022,86530,48,15,15,9
2022,86530,48,16,16,15
2022,86530,48,17,17,16
2022,86530,48,18,18,13
2022,86530,48,19,19,38
2022,86530,48,20,20,13
2022,86530,48,21,21,9
2022,86530,48,22,22,13
2022,86530,48,23,23,26
2022,86530,48,24,24,1
2022,86530,48,25,25,14
2022,86530,49,1,1,22
2022,86530,49,2,2,23
2022,86530,49,3,3,47
2022,86530,49,4,4,16
2022,86530,49,5,5,44
2022,86530,49,6,6,28
2022,86530,49,7,7,22
2022,86530,49,8,8,33
2022,86530,49,9,9,26
2022,86530,49,10,10,18
2022,86530,49,11,11,31
2022,86530,49,12,12,19
2022,86530,49,13,13,33
2022,86530,49,14,14,15
2022,86530,49,15,15,11
2022,86530,49,16,16,24
2022,86530,49,17,17,13
2022,86530,49,18,18,16
2022,86530,49,19,19,50
2022,86530,49,20,20,21
2022,86530,49,21,21,56
2022,86530,49,22,22,35
2022,86530,49,23,23,42
2022,86530,49,24,24,26
2022,86530,49,25,25,26
2022,86530,50,1,1,69
2022,86530,50,2,2,47
2022,86530,50,3,3,58
2022,86530,50,4,4,31
2022,86530,50,5,5,1
2022,86530,50,6,6,38
2022,86530,50,7,7,73
2022,86530,50,8,8,84
2022,86530,50,9,9,61
2022,86530,50,10,10,31
2022,86530,50,11,11,53
2022,86530,50,12,12,57
2022,86530,50,13,13,63
2022,86530,50,14,14,65
2022,86530,50,15,15,52
2022,86530,50,16,16,68
2022,86530,50,17,17,103
2022,86530,50,18,18,66
2022,86530,50,19,19,58
2022,86530,50,20,20,48
2022,86530,50,21,21,92
2022,86530,50,22,22,75
2022,86530,50,23,23,38
2022,86530,50,24,24,78
2022,86530,50,25,25,36
2022,86530,51,1,1,52
2022,86530,51,2,2,32
2022,86530,51,3,3,33
2022,86530,51,4,4,58
2022,86530,51,5,5,28
2022,86530,51,6,6,36
2022,86530,51,7,7,30
2022,86530,51,8,8,25
2022,86530,51,9,9,36
2022,86530,51,10,10,31
2022,86530,51,11,11,29
2022,86530,51,12,12,27
2022,86530,51,13,13,20
2022,86530,51,14,14,28
2022,86530,51,15,15,19
2022,86530,51,16,16,24
2022,86530,51,17,17,39
2022,86530,51,18,18,35
2022,86530,51,19,19,23
2022,86530,51,20,20,50
2022,86530,51,21,21,27
2022,86530,51,22,22,30
2022,86530,51,23,23,51
2022,86530,51,24,24,38
2022,86530,51,25,25,47
2022,86530,52,1,1,3
2022,86530,52,2,2,6
2022,86530,52,3,3,12
2022,86530,52,4,4,10
2022,86530,52,5,5,10
2022,86530,52,6,6,19
2022,86530,52,7,7,10
2022,86530,52,8,8,8
2022,86530,52,9,9,2
2022,86530,52,10,10,5
2022,86530,52,11,11,21
2022,86530,52,12,12,9
2022,86530,52,13,13,9
2022,86530,52,14,14,18
2022,86530,52,15,15,11
2022,86530,52,16,16,16
2022,86530,52,17,17,9
2022,86530,52,18,18,6
2022,86530,52,19,19,14
2022,86530,52,20,20,5
2022,86530,52,21,21,5
2022,86530,52,22,22,7
2022,86530,52,23,23,24
2022,86530,52,24,24,11
2022,86530,52,25,25,3
2022,86530,53,1,1,5
2022,86530,53,2,2,3
2022,86530,53,3,3,5
2022,86530,53,4,4,
2022,86530,53,5,5,1
2022,86530,53,6,6,
2022,86530,53,7,7,2
2022,86530,53,8,8,
2022,86530,53,9,9,1
2022,86530,53,10,10,2
2022,86530,53,11,11,14
2022,86530,53,12,12,2
2022,86530,53,13,13,
2022,86530,53,14,14,2
2022,86530,53,15,15,2
2022,86530,53,16,16,9
2022,86530,53,17,17,2
2022,86530,53,18,18,
2022,86530,53,19,19,5
2022,86530,53,20,20,13
2022,86530,53,21,21,1
2022,86530,53,22,22,
2022,86530,53,23,23,7
2022,86530,53,24,24,3
2022,86530,53,25,25,5
2022,86530,54,1,1,11
2022,86530,54,2,2,25
2022,86530,54,3,3,11
2022,86530,54,4,4,2
2022,86530,54,5,5,1
2022,86530,54,6,6,
2022,86530,54,7,7,5
2022,86530,54,8,8,3
2022,86530,54,9,9,2
2022,86530,54,10,10,10
2022,86530,54,11,11,1
2022,86530,54,12,12,6
2022,86530,54,13,13,5
2022,86530,54,14,14,7
2022,86530,54,15,15,4
2022,86530,54,16,16,5
2022,86530,54,17,17,7
2022,86530,54,18,18,2
2022,86530,54,19,19,10
2022,86530,54,20,20,2
2022,86530,54,21,21,13
2022,86530,54,22,22,12
2022,86530,54,23,23,7
2022,86530,54,24,24,3
2022,86530,54,25,25,
2022,86530,55,1,1,22
2022,86530,55,2,2,46
2022,86530,55,3,3,33
2022,86530,55,4,4,21
2022,86530,55,5,5,4
2022,86530,55,6,6,8
2022,86530,55,7,7,42
2022,86530,55,8,8,23
2022,86530,55,9,9,22
2022,86530,55,10,10,25
2022,86530,55,11,11,11
2022,86530,55,12,12,24
2022,86530,55,13,13,24
2022,86530,55,14,14,26
2022,86530,55,15,15,25
2022,86530,55,16,16,32
2022,86530,55,17,17,30
2022,86530,55,18,18,20
2022,86530,55,19,19,20
2022,86530,55,20,20,4
2022,86530,55,21,21,6
2022,86530,55,22,22,13
2022,86530,55,23,23,9
2022,86530,55,24,24,18
2022,86530,55,25,25,22
2022,86530,56,1,1,7
2022,86530,56,2,2,11
2022,86530,56,3,3,8
2022,86530,56,4,4,14
2022,86530,56,5,5,18
2022,86530,56,6,6,20
2022,86530,56,7,7,26
2022,86530,56,8,8,5
2022,86530,56,9,9,5
2022,86530,56,10,10,12
2022,86530,56,11,11,3
2022,86530,56,12,12,8
2022,86530,56,13,13,6
2022,86530,56,14,14,12
2022,86530,56,15,15,17
2022,86530,56,16,16,13
2022,86530,56,17,17,16
2022,86530,56,18,18,13
2022,86530,56,19,19,19
2022,86530,56,20,20,15
2022,86530,56,21,21,32
2022,86530,56,22,22,21
2022,86530,56,23,23,10
2022,86530,56,24,24,15
2022,86530,56,25,25,35
2022,86530,57,1,1,18
2022,86530,57,2,2,33
2022,86530,57,3,3,41
2022,86530,57,4,4,37
2022,86530,57,5,5,45
2022,86530,57,6,6,29
2022,86530,57,7,7,40
2022,86530,57,8,8,26
2022,86530,57,9,9,22
2022,86530,57,10,10,73
2022,86530,57,11,11,48
2022,86530,57,12,12,38
2022,86530,57,13,13,22
2022,86530,57,14,14,19
2022,86530,57,15,15,12
2022,86530,57,16,16,21
2022,86530,57,17,17,35
2022,86530,57,18,18,23
2022,86530,57,19,19,31
2022,86530,57,20,20,19
2022,86530,57,21,21,43
2022,86530,57,22,22,18
2022,86530,57,23,23,25
2022,86530,57,24,24,26
2022,86530,57,25,25,45
2022,86530,58,1,1,
2022,86530,58,2,2,
2022,86530,58,3,3,
2022,86530,58,4,4,
2022,86530,58,5,5,7
2022,86530,58,6,6,8
2022,86530,58,7,7,
2022,86530,58,8,8,
2022,86530,58,9,9,1
2022,86530,58,10,10,
2022,86530,58,11,11,5
2022,86530,58,12,12,9
2022,86530,58,13,13,5
2022,86530,58,14,14,
2022,86530,58,15,15,
2022,86530,58,16,16,
2022,86530,58,17,17,
2022,86530,58,18,18,
2022,86530,58,19,19,1
2022,86530,58,20,20,
2022,86530,58,21,21,
2022,86530,58,22,22,
2022,86530,58,23,23,
2022,86530,58,24,24,1
2022,86530,58,25,25,
2022,86530,59,1,1,3
2022,86530,59,2,2,4
2022,86530,59,3,3,1
2022,86530,59,4,4,17
2022,86530,59,5,5,6
2022,86530,59,6,6,1
2022,86530,59,7,7,8
2022,86530,59,8,8,3
2022,86530,59,9,9,3
2022,86530,59,10,10,1
2022,86530,59,11,11,3
2022,86530,59,12,12,19
2022,86530,59,13,13,17
2022,86530,59,14,14,
2022,86530,59,15,15,5
2022,86530,59,16,16,5
2022,86530,59,17,17,8
2022,86530,59,18,18,19
2022,86530,59,19,19,3
2022,86530,59,20,20,8
2022,86530,59,21,21,11
2022,86530,59,22,22,14
2022,86530,59,23,23,16
2022,86530,59,24,24,
2022,86530,59,25,25,2
2022,86530,60,1,1,15
2022,86530,60,2,2,20
2022,86530,60,3,3,7
2022,86530,60,4,4,18
2022,86530,60,5,5,7
2022,86530,60,6,6,9
2022,86530,60,7,7,16
2022,86530,60,8,8,1
2022,86530,60,9,9,3
2022,86530,60,10,10,
2022,86530,60,11,11,5
2022,86530,60,12,12,1
2022,86530,60,13,13,1
2022,86530,60,14,14,1
2022,86530,60,15,15,
2022,86530,60,16,16,
2022,86530,60,17,17,
2022,86530,60,18,18,1
2022,86530,60,19,19,
2022,86530,60,20,20,
2022,86530,60,21,21,
2022,86530,60,22,22,
2022,86530,60,23,23,
2022,86530,60,24,24,
2022,86530,60,25,25,
2022,86530,61,1,1,3
2022,86530,61,2,2,30
2022,86530,61,3,3,18
2022,86530,61,4,4,24
2022,86530,61,5,5,4
2022,86530,61,6,6,28
2022,86530,61,7,7,31
2022,86530,61,8,8,35
2022,86530,61,9,9,35
2022,86530,61,10,10,47
2022,86530,61,11,11,37
2022,86530,61,12,12,44
2022,86530,61,13,13,30
2022,86530,61,14,14,15
2022,86530,61,15,15,39
2022,86530,61,16,16,23
2022,86530,61,17,17,30
2022,86530,61,18,18,14
2022,86530,61,19,19,20
2022,86530,61,20,20,39
2022,86530,61,21,21,25
2022,86530,61,22,22,9
2022,86530,61,23,23,26
2022,86530,61,24,24,16
2022,86530,61,25,25,28
2022,86530,62,1,1,
2022,86530,62,2,2,
2022,86530,62,3,3,2
2022,86530,62,4,4,9
2022,86530,62,5,5,4
2022,86530,62,6,6,1
2022,86530,62,7,7,1
2022,86530,62,8,8,12
2022,86530,62,9,9,
2022,86530,62,10,10,16
2022,86530,62,11,11,12
2022,86530,62,12,12,2
2022,86530,62,13,13,5
2022,86530,62,14,14,17
2022,86530,62,15,15,9
2022,86530,62,16,16,18
2022,86530,62,17,17,18
2022,86530,62,18,18,10
2022,86530,62,19,19,6
2022,86530,62,20,20,13
2022,86530,62,21,21,1
2022,86530,62,22,22,8
2022,86530,62,23,23,7
2022,86530,62,24,24,7
2022,86530,62,25,25,6
2022,86530,63,1,1,13
2022,86530,63,2,2,15
2022,86530,63,3,3,20
2022,86530,63,4,4,29
2022,86530,63,5,5,40
2022,86530,63,6,6,32
2022,86530,63,7,7,29
2022,86530,63,8,8,30
2022,86530,63,9,9,28
2022,86530,63,10,10,42
2022,86530,63,11,11,34
2022,86530,63,12,12,39
2022,86530,63,13,13,29
2022,86530,63,14,14,46
2022,86530,63,15,15,25
2022,86530,63,16,16,43
2022,86530,63,17,17,45
2022,86530,63,18,18,23
2022,86530,63,19,19,41
2022,86530,63,20,20,26
2022,86530,63,21,21,18
2022,86530,63,22,22,14
2022,86530,63,23,23,4
2022,86530,63,24,24,8
2022,86530,63,25,25,18
2022,86530,64,1,1,
2022,86530,64,2,2,
2022,86530,64,3,3,
2022,86530,64,4,4,
2022,86530,64,5,5,
2022,86530,64,6,6,
2022,86530,64,7,7,
2022,86530,64,8,8,
2022,86530,64,9,9,
2022,86530,64,10,10,
2022,86530,64,11,11,
2022,86530,64,12,12,
2022,86530,64,13,13,
2022,86530,64,14,14,
2022,86530,64,15,15,
2022,86530,64,16,16,
2022,86530,64,17,17,
2022,86530,64,18,18,
2022,86530,64,19,19,
2022,86530,64,20,20,
2022,86530,64,21,21,
2022,86530,64,22,22,
2022,86530,64,23,23,
2022,86530,64,24,24,
2022,86530,64,25,25,
2022,86530,64,26,26,
2022,86530,64,27,27,
2022,86530,64,28,28,
2022,86530,64,29,29,
2022,86530,64,30,30,
2022,86530,64,31,31,
2022,86530,64,32,32,
2022,86530,64,33,33,
2022,86530,64,34,34,
2022,86530,64,35,35,
2022,86530,64,36,36,
2022,86530,64,37,37,
2022,86530,64,38,38,
2022,86530,64,39,39,
2022,86530,64,40,40,
2022,86530,64,41,41,
2022,86530,64,42,42,
2022,86530,64,43,43,
2022,86530,64,44,44,
2022,86530,64,45,45,
2022,86530,64,46,46,
2022,86530,64,47,47,
2022,86530,64,48,48,
2022,86530,64,49,49,
2022,86530,64,50,50,
2022,86530,64,51,51,
2022,86530,64,52,52,
2022,86530,64,53,53,
2022,86530,64,54,54,
2022,86530,64,55,55,
2022,86530,64,56,56,
2022,86530,64,57,57,
2022,86530,64,58,58,
2022,86530,65,1,1,33
2022,86530,65,2,2,23
2022,86530,65,3,3,30
2022,86530,65,4,4,16
2022,86530,65,5,5,37
2022,86530,65,6,6,50
2022,86530,65,7,7,44
2022,86530,65,8,8,40
2022,86530,65,9,9,27
2022,86530,65,10,10,73
2022,86530,65,11,11,7
2022,86530,65,12,12,34
2022,86530,65,13,13,67
2022,86530,65,14,14,44
2022,86530,65,15,15,58
2022,86530,65,16,16,64
2022,86530,65,17,17,42
2022,86530,65,18,18,71
2022,86530,65,19,19,97
2022,86530,65,20,20,53
2022,86530,65,21,21,6
2022,86530,65,22,22,43
2022,86530,65,23,23,33
2022,86530,65,24,24,31
2022,86530,65,25,25,88
2022,86530,66,1,1,41
2022,86530,66,2,2,44
2022,86530,66,3,3,73
2022,86530,66,4,4,46
2022,86530,66,5,5,63
2022,86530,66,6,6,41
2022,86530,66,7,7,92
2022,86530,66,8,8,52
2022,86530,66,9,9,51
2022,86530,66,10,10,49
2022,86530,66,11,11,60
2022,86530,66,12,12,45
2022,86530,66,13,13,64
2022,86530,66,14,14,62
2022,86530,66,15,15,60
2022,86530,66,16,16,62
2022,86530,66,17,17,57
2022,86530,66,18,18,24
2022,86530,66,19,19,61
2022,86530,66,20,20,46
2022,86530,66,21,21,51
2022,86530,66,22,22,26
2022,86530,66,23,23,28
2022,86530,66,24,24,29
2022,86530,66,25,25,33
2022,86530,67,1,1,13
2022,86530,67,2,2,11
2022,86530,67,3,3,9
2022,86530,67,4,4,25
2022,86530,67,5,5,17
2022,86530,67,6,6,15
2022,86530,67,7,7,19
2022,86530,67,8,8,11
2022,86530,67,9,9,26
2022,86530,67,10,10,13
2022,86530,67,11,11,14
2022,86530,67,12,12,14
2022,86530,67,13,13,15
2022,86530,67,14,14,15
2022,86530,67,15,15,6
2022,86530,67,16,16,20
2022,86530,67,17,17,15
2022,86530,67,18,18,22
2022,86530,67,19,19,17
2022,86530,67,20,20,23
2022,86530,67,21,21,16
2022,86530,67,22,22,21
2022,86530,67,23,23,14
2022,86530,67,24,24,23
2022,86530,67,25,25,12
2022,86530,68,1,1,2
2022,86530,68,2,2,29
2022,86530,68,3,3,8
2022,86530,68,4,4,17
2022,86530,68,5,5,23
2022,86530,68,6,6,17
2022,86530,68,7,7,8
2022,86530,68,8,8,12
2022,86530,68,9,9,1
2022,86530,68,10,10,18
2022,86530,68,11,11,22
2022,86530,68,12,12,23
2022,86530,68,13,13,25
2022,86530,68,14,14,22
2022,86530,68,15,15,16
2022,86530,68,16,16,30
2022,86530,68,17,17,18
2022,86530,68,18,18,13
2022,86530,68,19,19,36
2022,86530,68,20,20,28
2022,86530,68,21,21,27
2022,86530,68,22,22,15
2022,86530,68,23,23,21
2022,86530,68,24,24,25
2022,86530,68,25,25,26
2022,86530,69,1,1,12
2022,86530,69,2,2,14
2022,86530,69,3,3,6
2022,86530,69,4,4,9
2022,86530,69,5,5,1
2022,86530,69,6,6,19
2022,86530,69,7,7,26
2022,86530,69,8,8,17
2022,86530,69,9,9,11
2022,86530,69,10,10,17
2022,86530,69,11,11,8
2022,86530,69,12,12,12
2022,86530,69,13,13,17
2022,86530,69,14,14,23
2022,86530,69,15,15,3
2022,86530,69,16,16,21
2022,86530,69,17,17,2
2022,86530,69,18,18,13
2022,86530,69,19,19,
2022,86530,69,20,20,6
2022,86530,69,21,21,1
2022,86530,69,22,22,35
2022,86530,69,23,23,22
2022,86530,69,24,24,20
2022,86530,69,25,25,11
2022,86530,70,1,1,24
2022,86530,70,2,2,13
2022,86530,70,3,3,35
2022,86530,70,4,4,16
2022,86530,70,5,5,16
2022,86530,70,6,6,1
2022,86530,70,7,7,33
2022,86530,70,8,8,14
2022,86530,70,9,9,22
2022,86530,70,10,10,33
2022,86530,70,11,11,21
2022,86530,70,12,12,23
2022,86530,70,13,13,21
2022,86530,70,14,14,
2022,86530,70,15,15,5
2022,86530,70,16,16,15
2022,86530,70,17,17,3
2022,86530,70,18,18,
2022,86530,70,19,19,4
2022,86530,70,20,20,30
2022,86530,70,21,21,10
2022,86530,70,22,22,19
2022,86530,70,23,23,19
2022,86530,70,24,24,3
2022,86530,70,25,25,13
2022,86530,70,26,26,8
2022,86530,71,1,1,3
2022,86530,71,2,2,5
2022,86530,71,3,3,1
2022,86530,71,4,4,3
2022,86530,71,5,5,3
2022,86530,71,6,6,1
2022,86530,71,7,7,4
2022,86530,71,8,8,4
2022,86530,71,9,9,7
2022,86530,71,10,10,5
2022,86530,71,11,11,
2022,86530,71,12,12,2
2022,86530,71,13,13,
2022,86530,71,14,14,1
2022,86530,71,15,15,19
2022,86530,71,16,16,2
2022,86530,71,17,17,8
2022,86530,71,18,18,6
2022,86530,71,19,19,2
2022,86530,71,20,20,1
2022,86530,71,21,21,1
2022,86530,71,22,22,3
2022,86530,71,23,23,3
2022,86530,71,24,24,6
2022,86530,71,25,25,
2022,86530,72,1,1,25
2022,86530,72,2,2,8
2022,86530,72,3,3,20
2022,86530,72,4,4,22
2022,86530,72,5,5,20
2022,86530,72,6,6,8
2022,86530,72,7,7,3
2022,86530,72,8,8,20
2022,86530,72,9,9,15
2022,86530,72,10,10,27
2022,86530,72,11,11,19
2022,86530,72,12,12,27
2022,86530,72,13,13,10
2022,86530,72,14,14,9
2022,86530,72,15,15,4
2022,86530,72,16,16,8
2022,86530,72,17,17,8
2022,86530,72,18,18,21
2022,86530,72,19,19,9
2022,86530,72,20,20,28
2022,86530,72,21,21,6
2022,86530,72,22,22,22
2022,86530,72,23,23,8
2022,86530,72,24,24,13
2022,86530,72,25,25,7
2022,86530,73,1,1,23
2022,86530,73,2,2,44
2022,86530,73,3,3,21
2022,86530,73,4,4,51
2022,86530,73,5,5,51
2022,86530,73,6,6,36
2022,86530,73,7,7,51
2022,86530,73,8,8,39
2022,86530,73,9,9,57
2022,86530,73,10,10,32
2022,86530,73,11,11,40
2022,86530,73,12,12,33
2022,86530,73,13,13,51
2022,86530,73,14,14,61
2022,86530,73,15,15,49
2022,86530,73,16,16,75
2022,86530,73,17,17,77
2022,86530,73,18,18,38
2022,86530,73,19,19,65
2022,86530,73,20,20,49
2022,86530,73,21,21,31
2022,86530,73,22,22,42
2022,86530,73,23,23,35
2022,86530,73,24,24,50
2022,86530,73,25,25,53
2022,86530,74,1,1,35
2022,86530,74,2,2,49
2022,86530,74,3,3,59
2022,86530,74,4,4,40
2022,86530,74,5,5,49
2022,86530,74,6,6,56
2022,86530,74,7,7,54
2022,86530,74,8,8,25
2022,86530,74,9,9,16
2022,86530,74,10,10,40
2022,86530,74,11,11,32
2022,86530,74,12,12,29
2022,86530,74,13,13,57
2022,86530,74,14,14,50
2022,86530,74,15,15,50
2022,86530,74,16,16,52
2022,86530,74,17,17,47
2022,86530,74,18,18,60
2022,86530,74,19,19,54
2022,86530,74,20,20,49
2022,86530,74,21,21,65
2022,86530,74,22,22,43
2022,86530,74,23,23,19
2022,86530,74,24,24,35
2022,86530,74,25,25,63
2022,86530,75,1,1,14
2022,86530,75,2,2,2
2022,86530,75,3,3,6
2022,86530,75,4,4,21
2022,86530,75,5,5,14
2022,86530,75,6,6,
2022,86530,75,7,7,25
2022,86530,75,8,8,13
2022,86530,75,9,9,5
2022,86530,75,10,10,8
2022,86530,75,11,11,1
2022,86530,75,12,12,5
2022,86530,75,13,13,
2022,86530,75,14,14,
2022,86530,75,15,15,
2022,86530,75,16,16,
2022,86530,75,17,17,
2022,86530,75,18,18,
2022,86530,75,19,19,3
2022,86530,75,20,20,1
2022,86530,75,21,21,
2022,86530,75,22,22,
2022,86530,75,23,23,
2022,86530,75,24,24,2
2022,86530,75,25,25,
2022,86530,75,26,26,
2022,86530,76,1,1,96
2022,86530,76,2,2,23
2022,86530,76,3,3,77
2022,86530,76,4,4,78
2022,86530,76,5,5,78
2022,86530,76,6,6,24
2022,86530,76,7,7,35
2022,86530,76,8,8,49
2022,86530,76,9,9,56
2022,86530,76,10,10,51
2022,86530,76,11,11,67
2022,86530,76,12,12,41
2022,86530,76,13,13,78
2022,86530,76,14,14,
2022,86530,76,15,15,59
2022,86530,76,16,16,78
2022,86530,76,17,17,41
2022,86530,76,18,18,79
2022,86530,76,19,19,44
2022,86530,76,20,20,95
2022,86530,76,21,21,12
2022,86530,76,22,22,89
2022,86530,76,23,23,44
2022,86530,76,24,24,36
2022,86530,76,25,25,44
2022,86530,76,26,26,124
2022,86530,77,1,1,72
2022,86530,77,2,2,58
2022,86530,77,3,3,74
2022,86530,77,4,4,35
2022,86530,77,5,5,48
2022,86530,77,6,6,38
2022,86530,77,7,7,45
2022,86530,77,8,8,28
2022,86530,77,9,9,45
2022,86530,77,10,10,30
2022,86530,77,11,11,87
2022,86530,77,12,12,46
2022,86530,77,13,13,17
2022,86530,77,14,14,42
2022,86530,77,15,15,28
2022,86530,77,16,16,16
2022,86530,77,17,17,18
2022,86530,77,18,18,32
2022,86530,77,19,19,28
2022,86530,77,20,20,29
2022,86530,77,21,21,18
2022,86530,77,22,22,26
2022,86530,77,23,23,20
2022,86530,77,24,24,46
2022,86530,77,25,25,49
2022,86530,78,1,1,8
2022,86530,78,2,2,14
2022,86530,78,3,3,4
2022,86530,78,4,4,11
2022,86530,78,5,5,4
2022,86530,78,6,6,3
2022,86530,78,7,7,4
2022,86530,78,8,8,10
2022,86530,78,9,9,20
2022,86530,78,10,10,9
2022,86530,78,11,11,12
2022,86530,78,12,12,9
2022,86530,78,13,13,8
2022,86530,78,14,14,10
2022,86530,78,15,15,
2022,86530,78,16,16,9
2022,86530,78,17,17,1
2022,86530,78,18,18,3
2022,86530,78,19,19,
2022,86530,78,20,20,4
2022,86530,78,21,21,4
2022,86530,78,22,22,
2022,86530,78,23,23,23
2022,86530,78,24,24,15
2022,86530,78,25,25,31
2022,86530,79,1,1,13
2022,86530,79,2,2,12
2022,86530,79,3,3,18
2022,86530,79,4,4,24
2022,86530,79,5,5,35
2022,86530,79,6,6,31
2022,86530,79,7,7,25
2022,86530,79,8,8,51
2022,86530,79,9,9,23
2022,86530,79,10,10,
2022,86530,79,11,11,22
2022,86530,79,12,12,18
2022,86530,79,13,13,5
2022,86530,79,14,14,8
2022,86530,79,15,15,11
2022,86530,79,16,16,35
2022,86530,79,17,17,27
2022,86530,79,18,18,21
2022,86530,79,19,19,21
2022,86530,79,20,20,1
2022,86530,79,21,21,43
2022,86530,79,22,22,23
2022,86530,79,23,23,1
2022,86530,79,24,24,2
2022,86530,79,25,25,15
2022,86530,80,1,1,42
2022,86530,80,2,2,38
2022,86530,80,3,3,42
2022,86530,80,4,4,38
2022,86530,80,5,5,21
2022,86530,80,6,6,23
2022,86530,80,7,7,42
2022,86530,80,8,8,20
2022,86530,80,9,9,38
2022,86530,80,10,10,32
2022,86530,80,11,11,36
2022,86530,80,12,12,1
2022,86530,80,13,13,42
2022,86530,80,14,14,24
2022,86530,80,15,15,37
2022,86530,80,16,16,24
2022,86530,80,17,17,35
2022,86530,80,18,18,26
2022,86530,80,19,19,28
2022,86530,80,20,20,29
2022,86530,80,21,21,13
2022,86530,80,22,22,17
2022,86530,80,23,23,26
2022,86530,80,24,24,19
2022,86530,80,25,25,28
2022,86530,81,1,1,18
2022,86530,81,2,2,11
2022,86530,81,3,3,25
2022,86530,81,4,4,19
2022,86530,81,5,5,1
2022,86530,81,6,6,30
2022,86530,81,7,7,11
2022,86530,81,8,8,28
2022,86530,81,9,9,17
2022,86530,81,10,10,7
2022,86530,81,11,11,
2022,86530,81,12,12,38
2022,86530,81,13,13,30
2022,86530,81,14,14,20
2022,86530,81,15,15,26
2022,86530,81,16,16,28
2022,86530,81,17,17,13
2022,86530,81,18,18,7
2022,86530,81,19,19,25
2022,86530,81,20,20,29
2022,86530,81,21,21,23
2022,86530,81,22,22,4
2022,86530,81,23,23,36
2022,86530,81,24,24,28
2022,86530,81,25,25,23
2022,86530,82,1,1,
2022,86530,82,2,2,
2022,86530,82,3,3,
2022,86530,82,4,4,
2022,86530,82,5,5,
2022,86530,82,6,6,1
2022,86530,82,7,7,
2022,86530,82,8,8,
2022,86530,82,9,9,
2022,86530,82,10,10,
2022,86530,82,11,11,1
2022,86530,82,12,12,
2022,86530,82,13,13,
2022,86530,82,14,14,
2022,86530,82,15,15,
2022,86530,82,16,16,
2022,86530,82,17,17,
2022,86530,82,18,18,
2022,86530,82,19,19,
2022,86530,82,20,20,
2022,86530,82,21,21,
2022,86530,82,22,22,
2022,86530,82,23,23,
2022,86530,82,24,24,
2022,86530,82,25,25,
2022,86530,82,26,26,
2022,86530,83,1,1,10
2022,86530,83,2,2,38
2022,86530,83,3,3,13
2022,86530,83,4,4,26
2022,86530,83,5,5,38
2022,86530,83,6,6,21
2022,86530,83,7,7,31
2022,86530,83,8,8,37
2022,86530,83,9,9,45
2022,86530,83,10,10,34
2022,86530,83,11,11,39
2022,86530,83,12,12,42
2022,86530,83,13,13,46
2022,86530,83,14,14,
2022,86530,83,15,15,30
2022,86530,83,16,16,42
2022,86530,83,17,17,45
2022,86530,83,18,18,53
2022,86530,83,19,19,38
2022,86530,83,20,20,17
2022,86530,83,21,21,41
2022,86530,83,22,22,22
2022,86530,83,23,23,38
2022,86530,83,24,24,23
2022,86530,83,25,25,25
2022,86530,83,26,26,17
2022,86530,84,1,1,35
2022,86530,84,2,2,25
2022,86530,84,3,3,36
2022,86530,84,4,4,35
2022,86530,84,5,5,39
2022,86530,84,6,6,19
2022,86530,84,7,7,37
2022,86530,84,8,8,19
2022,86530,84,9,9,27
2022,86530,84,10,10,24
2022,86530,84,11,11,6
2022,86530,84,12,12,40
2022,86530,84,13,13,17
2022,86530,84,14,14,
2022,86530,84,15,15,5
2022,86530,84,16,16,23
2022,86530,84,17,17,13
2022,86530,84,18,18,19
2022,86530,84,19,19,22
2022,86530,84,20,20,7
2022,86530,84,21,21,37
2022,86530,84,22,22,23
2022,86530,84,23,23,32
2022,86530,84,24,24,21
2022,86530,84,25,25,16
2022,86530,84,26,26,19
2022,86530,85,1,1,
2022,86530,85,2,2,
2022,86530,85,3,3,15
2022,86530,85,4,4,
2022,86530,85,5,5,1
2022,86530,85,6,6,
2022,86530,85,7,7,1
2022,86530,85,8,8,1
2022,86530,85,9,9,5
2022,86530,85,10,10,
2022,86530,85,11,11,3
2022,86530,85,12,12,3
2022,86530,85,13,13,11
2022,86530,85,14,14,34
2022,86530,85,15,15,5
2022,86530,85,16,16,
2022,86530,85,17,17,18
2022,86530,85,18,18,8
2022,86530,85,19,19,
2022,86530,85,20,20,1
2022,86530,85,21,21,2
2022,86530,85,22,22,
2022,86530,85,23,23,
2022,86530,85,24,24,
2022,86530,85,25,25,3
2022,86530,86,1,1,6
2022,86530,86,2,2,21
2022,86530,86,3,3,31
2022,86530,86,4,4,10
2022,86530,86,5,5,
2022,86530,86,6,6,2
2022,86530,86,7,7,
2022,86530,86,8,8,
2022,86530,86,9,9,13
2022,86530,86,10,10,17
2022,86530,86,11,11,
2022,86530,86,12,12,1
2022,86530,86,13,13,
2022,86530,86,14,14,4
2022,86530,86,15,15,
2022,86530,86,16,16,4
2022,86530,86,17,17,3
2022,86530,86,18,18,1
2022,86530,86,19,19,
2022,86530,86,20,20,
2022,86530,86,21,21,1
2022,86530,86,22,22,2
2022,86530,86,23,23,1
2022,86530,86,24,24,1
2022,86530,86,25,25,1
2022,86530,87,1,1,2
2022,86530,87,2,2,15
2022,86530,87,3,3,19
2022,86530,87,4,4,14
2022,86530,87,5,5,36
2022,86530,87,6,6,21
2022,86530,87,7,7,25
2022,86530,87,8,8,10
2022,86530,87,9,9,43
2022,86530,87,10,10,20
2022,86530,87,11,11,18
2022,86530,87,12,12,6
2022,86530,87,13,13,22
2022,86530,87,14,14,26
2022,86530,87,15,15,14
2022,86530,87,16,16,23
2022,86530,87,17,17,19
2022,86530,87,18,18,25
2022,86530,87,19,19,12
2022,86530,87,20,20,19
2022,86530,87,21,21,40
2022,86530,87,22,22,32
2022,86530,87,23,23,35
2022,86530,87,24,24,19
2022,86530,87,25,25,17
2022,86530,88,1,1,42
2022,86530,88,2,2,56
2022,86530,88,3,3,28
2022,86530,88,4,4,43
2022,86530,88,5,5,37
2022,86530,88,6,6,9
2022,86530,88,7,7,36
2022,86530,88,8,8,21
2022,86530,88,9,9,52
2022,86530,88,10,10,61
2022,86530,88,11,11,32
2022,86530,88,12,12,49
2022,86530,88,13,13,26
2022,86530,88,14,14,32
2022,86530,88,15,15,31
2022,86530,88,16,16,25
2022,86530,88,17,17,37
2022,86530,88,18,18,36
2022,86530,88,19,19,14
2022,86530,88,20,20,16
2022,86530,88,21,21,24
2022,86530,88,22,22,23
2022,86530,88,23,23,27
2022,86530,88,24,24,50
2022,86530,88,25,25,45
2022,86530,89,1,1,1
2022,86530,89,2,2,1
2022,86530,89,3,3,1
2022,86530,89,4,4,
2022,86530,89,5,5,
2022,86530,89,6,6,2
2022,86530,89,7,7,
2022,86530,89,8,8,
2022,86530,89,9,9,
2022,86530,89,10,10,4
2022,86530,89,11,11,
2022,86530,89,12,12,3
2022,86530,89,13,13,
2022,86530,89,14,14,
2022,86530,89,15,15,1
2022,86530,89,16,16,
2022,86530,89,17,17,
2022,86530,89,18,18,4
2022,86530,89,19,19,
2022,86530,89,20,20,
2022,86530,89,21,21,2
2022,86530,89,22,22,
2022,86530,89,23,23,
2022,86530,89,24,24,
2022,86530,89,25,25,
2022,86530,90,1,1,20
2022,86530,90,2,2,27
2022,86530,90,3,3,50
2022,86530,90,4,4,28
2022,86530,90,5,5,48
2022,86530,90,6,6,59
2022,86530,90,7,7,22
2022,86530,90,8,8,38
2022,86530,90,9,9,20
2022,86530,90,10,10,28
2022,86530,90,11,11,40
2022,86530,90,12,12,33
2022,86530,90,13,13,
2022,86530,90,14,14,36
2022,86530,90,15,15,35
2022,86530,90,16,16,28
2022,86530,90,17,17,35
2022,86530,90,18,18,13
2022,86530,90,19,19,33
2022,86530,90,20,20,14
2022,86530,90,21,21,18
2022,86530,90,22,22,44
2022,86530,90,23,23,43
2022,86530,90,24,24,21
2022,86530,90,25,25,21
2022,86530,90,26,26,29
2022,86530,91,1,1,1
2022,86530,91,2,2,1
2022,86530,91,3,3,
2022,86530,91,4,4,10
2022,86530,91,5,5,4
2022,86530,91,6,6,15
2022,86530,91,7,7,
2022,86530,91,8,8,6
2022,86530,91,9,9,
2022,86530,91,10,10,2
2022,86530,91,11,11,
2022,86530,91,12,12,
2022,86530,91,13,13,15
2022,86530,91,14,14,
2022,86530,91,15,15,
2022,86530,91,16,16,4
2022,86530,91,17,17,
2022,86530,91,18,18,
2022,86530,91,19,19,
2022,86530,91,20,20,
2022,86530,91,21,21,1
2022,86530,91,22,22,
2022,86530,91,23,23,
2022,86530,91,24,24,8
2022,86530,91,25,25,1
2022,86530,91,26,26,8
2022,86530,92,1,1,14
2022,86530,92,2,2,5
2022,86530,92,3,3,3
2022,86530,92,4,4,
2022,86530,92,5,5,2
2022,86530,92,6,6,4
2022,86530,92,7,7,22
2022,86530,92,8,8,5
2022,86530,92,9,9,
2022,86530,92,10,10,1
2022,86530,92,11,11,11
2022,86530,92,12,12,
2022,86530,92,13,13,
2022,86530,92,14,14,3
2022,86530,92,15,15,
2022,86530,92,16,16,1
2022,86530,92,17,17,35
2022,86530,92,18,18,8
2022,86530,92,19,19,18
2022,86530,92,20,20,
2022,86530,92,21,21,
2022,86530,92,22,22,
2022,86530,92,23,23,25
2022,86530,92,24,24,2
2022,86530,92,25,25,
2022,86530,93,1,1,12
2022,86530,93,2,2,11
2022,86530,93,3,3,9
2022,86530,93,4,4,16
2022,86530,93,5,5,25
2022,86530,93,6,6,15
2022,86530,93,7,7,17
2022,86530,93,8,8,3
2022,86530,93,9,9,
2022,86530,93,10,10,18
2022,86530,93,11,11,9
2022,86530,93,12,12,23
2022,86530,93,13,13,26
2022,86530,93,14,14,22
2022,86530,93,15,15,16
2022,86530,93,16,16,34
2022,86530,93,17,17,
2022,86530,93,18,18,42
2022,86530,93,19,19,20
2022,86530,93,20,20,
2022,86530,93,21,21,29
2022,86530,93,22,22,
2022,86530,93,23,23,
2022,86530,93,24,24,1
2022,86530,93,25,25,15
2022,86530,94,1,1,26
2022,86530,94,2,2,17
2022,86530,94,3,3,12
2022,86530,94,4,4,9
2022,86530,94,5,5,19
2022,86530,94,6,6,24
2022,86530,94,7,7,7
2022,86530,94,8,8,23
2022,86530,94,9,9,13
2022,86530,94,10,10,24
2022,86530,94,11,11,16
2022,86530,94,12,12,20
2022,86530,94,13,13,19
2022,86530,94,14,14,45
2022,86530,94,15,15,14
2022,86530,94,16,16,15
2022,86530,94,17,17,26
2022,86530,94,18,18,32
2022,86530,94,19,19,37
2022,86530,94,20,20,47
2022,86530,94,21,21,19
2022,86530,94,22,22,61
2022,86530,94,23,23,17
2022,86530,94,24,24,28
2022,86530,94,25,25,40
2022,86530,95,1,1,19
2022,86530,95,2,2,16
2022,86530,95,3,3,6
2022,86530,95,4,4,16
2022,86530,95,5,5,28
2022,86530,95,6,6,26
2022,86530,95,7,7,16
2022,86530,95,8,8,6
2022,86530,95,9,9,26
2022,86530,95,10,10,11
2022,86530,95,11,11,27
2022,86530,95,12,12,33
2022,86530,95,13,13,21
2022,86530,95,14,14,35
2022,86530,95,15,15,8
2022,86530,95,16,16,4
2022,86530,95,17,17,37
2022,86530,95,18,18,22
2022,86530,95,19,19,40
2022,86530,95,20,20,18
2022,86530,95,21,21,15
2022,86530,95,22,22,28
2022,86530,95,23,23,11
2022,86530,95,24,24,30
2022,86530,95,25,25,24
2022,86530,96,1,1,5
2022,86530,96,2,2,7
2022,86530,96,3,3,10
2022,86530,96,4,4,12
2022,86530,96,5,5,5
2022,86530,96,6,6,9
2022,86530,96,7,7,6
2022,86530,96,8,8,8
2022,86530,96,9,9,24
2022,86530,96,10,10,12
2022,86530,96,11,11,12
2022,86530,96,12,12,8
2022,86530,96,13,13,8
2022,86530,96,14,14,11
2022,86530,96,15,15,23
2022,86530,96,16,16,13
2022,86530,96,17,17,17
2022,86530,96,18,18,13
2022,86530,96,19,19,17
2022,86530,96,20,20,18
2022,86530,96,21,21,19
2022,86530,96,22,22,20
2022,86530,96,23,23,24
2022,86530,96,24,24,17
2022,86530,96,25,25,32
2022,86530,97,1,1,15
2022,86530,97,2,2,27
2022,86530,97,3,3,17
2022,86530,97,4,4,18
2022,86530,97,5,5,18
2022,86530,97,6,6,12
2022,86530,97,7,7,9
2022,86530,97,8,8,11
2022,86530,97,9,9,16
2022,86530,97,10,10,15
2022,86530,97,11,11,27
2022,86530,97,12,12,10
2022,86530,97,13,13,13
2022,86530,97,14,14,30
2022,86530,97,15,15,7
2022,86530,97,16,16,22
2022,86530,97,17,17,19
2022,86530,97,18,18,8
2022,86530,97,19,19,17
2022,86530,97,20,20,13
2022,86530,97,21,21,15
2022,86530,97,22,22,16
2022,86530,97,23,23,12
2022,86530,97,24,24,21
2022,86530,97,25,25,29
